1 Simcoe St N,43.8971,-78.8658
2 King St W,43.8978,-78.8631
3 Stevenson Rd S,43.896,-78.8701
4 Ritson Rd N,43.8992,-78.8535
5 Bond St W,43.8987,-78.86
6 Harmony Rd N,43.9023,-78.847
7 Taunton Rd E,43.9101,-78.8355
8 Thornton Rd N,43.908,-78.8754
9 Wentworth St W,43.8924,-78.8652
10 Park Rd N,43.8965,-78.8564
11 Simcoe St S,43.8752,-78.8491
12 King St E,43.8768,-78.8467
13 Wilson Rd S,43.8801,-78.84
14 Bond St E,43.8776,-78.8591
15 Harmony Rd S,43.8903,-78.8385
16 Thornton Rd S,43.8867,-78.8902
17 Taunton Rd W,43.9132,-78.8634
18 Ritson Rd S,43.8823,-78.8529
19 Bloor St E,43.8789,-78.8531
20 Athol St E,43.8985,-78.8581
21 Gibb St,43.88,-78.8625
22 Farewell St,43.8781,-78.848
23 Adelaide Ave E,43.905,-78.8524
24 Olive Ave,43.8835,-78.8562
25 Simcoe St S,43.8732,-78.8488
26 Conlin Rd W,43.95,-78.859
27 Thornton Rd N,43.9255,-78.8791
28 Grandview St N,43.9282,-78.8313
29 Adelaide Ave W,43.9048,-78.862
30 Ritson Rd N,43.9077,-78.8501
31 Bond St W,43.8989,-78.8605
32 Cedar St,43.8812,-78.869
33 Oshawa Blvd N,43.9095,-78.8472
34 Mary St N,43.9003,-78.8614
35 Park Rd S,43.8798,-78.8592
36 Wentworth St E,43.8739,-78.8481
37 Albert St,43.89,-78.8603
38 Ritson Rd S,43.8852,-78.8511
39 Bloor St W,43.8783,-78.8645
40 Wilson Rd N,43.915,-78.8365
41 Farewell St,43.88,-78.8499
42 Adelaide Ave W,43.9072,-78.86
43 Bond St E,43.8991,-78.8576
44 Stevenson Rd S,43.8876,-78.8758
45 Centre St N,43.8994,-78.8627
46 Simcoe St N,43.901,-78.8649
47 King St E,43.8968,-78.8635
48 Oshawa Blvd S,43.8805,-78.855
49 Thornton Rd S,43.8762,-78.8905
50 Hillcroft St,43.9135,-78.849
51 Harmony Rd N,43.9192,-78.8434
52 Athol St W,43.8961,-78.8618
53 Simcoe St S,43.8748,-78.8482
54 Ritson Rd N,43.9045,-78.8518
55 Olive Ave,43.8853,-78.8568
56 Gibb St,43.8795,-78.8601
57 Taunton Rd E,43.9308,-78.8577
58 Adelaide Ave E,43.9065,-78.8513
59 Simcoe St N,43.8998,-78.8643
60 Grandview St S,43.9218,-78.8309
61 Oshawa Blvd N,43.9108,-78.8465
62 Centre St S,43.8771,-78.8629
63 Cedar Valley Blvd,43.9115,-78.8402
64 Stevenson Rd N,43.9172,-78.8745
65 Park Rd N,43.8963,-78.8578
66 Bloor St E,43.8775,-78.8557
67 Wentworth St E,43.8728,-78.8492
68 Hillcroft St,43.9148,-78.8497
69 Wilson Rd S,43.8822,-78.8382
70 Athol St E,43.8954,-78.8594
71 Simcoe St S,43.8716,-78.847
72 Conlin Rd W,43.9532,-78.8598
73 Grandview St N,43.9305,-78.8318
74 Ritson Rd S,43.8826,-78.8535
75 Cedar St,43.881,-78.8703
76 Bond St W,43.8983,-78.8608
77 Harmony Rd N,43.9208,-78.8411
78 Thornton Rd N,43.9291,-78.8785
79 Gibb St,43.8782,-78.8617
80 King St W,43.8927,-78.8659
81 Adelaide Ave W,43.9061,-78.8605
82 Mary St N,43.901,-78.8611
83 Centre St N,43.9006,-78.862
84 Taunton Rd W,43.927,-78.8643
85 Farewell St,43.8791,-78.8498
86 Park Rd S,43.8775,-78.8597
87 Athol St W,43.8957,-78.8639
88 Wilson Rd N,43.9146,-78.836
89 Oshawa Blvd N,43.9119,-78.8461
90 Ritson Rd N,43.9056,-78.8521
91 Simcoe St N,43.8975,-78.8656
92 Grandview St S,43.9213,-78.8316
93 King St E,43.8931,-78.8638
94 Thornton Rd S,43.8757,-78.8913
95 Bloor St W,43.878,-78.8642
96 Adelaide Ave E,43.9073,-78.8516
97 Conlin Rd W,43.9518,-78.8605
98 Mary St S,43.8753,-78.8581
99 Cedar Valley Blvd,43.9112,-78.8408
100 Stevenson Rd N,43.9186,-78.8749
